id,tr_name,en_before,en_after,tr_description_before,tr_description_after,en_description_before,en_description_after,preserved_price,preserved_price_note
tulum-peyniri,Tulum Peyniri,Goat Cheese,Tulum Cheese,Kahvaltı sofrası için porsiyon peynir servisi.,Kahvaltı sofrasına ayrı porsiyon olarak eklenebilen tulum peyniri.,A portion of cheese for the breakfast table.,A separate portion of traditional Turkish tulum cheese for the breakfast table.,₺290,
otlu-peynir,Otlu Peynir,Herb Cheese,Otlu Peynir (Herbed Cheese),Kahvaltı sofrası için porsiyon peynir servisi.,Yöresel otlarla hazırlanan otlu peynir; kahvaltıya eklenebilen ayrı porsiyon.,A portion of cheese for the breakfast table.,"Herbed cheese (otlu peynir), served as a separate portion alongside breakfast.",₺310,
taze-kasar,Taze Kaşar,Fresh Kashar,Fresh Kashar,Kahvaltı sofrası için porsiyon peynir servisi.,Taze kaşar peynirinin kahvaltılık porsiyon servisi.,A portion of cheese for the breakfast table.,"A breakfast portion of fresh kaşar, a Turkish cheese.",₺280,
eski-kasar,Eski Kaşar,Mature Kashar,Mature Kashar,Kahvaltı sofrası için porsiyon peynir servisi.,Olgun kaşar peynirinin kahvaltılık porsiyon servisi.,A portion of cheese for the breakfast table.,A breakfast portion of aged kaşar cheese.,₺250,
cecil-peyniri,Cecil Peyniri,Chechil Cheese,Çeçil Cheese,Kahvaltı sofrası için porsiyon peynir servisi.,Tel yapılı çeçil peynirinin kahvaltılık porsiyon servisi.,A portion of cheese for the breakfast table.,"A breakfast portion of çeçil, a Turkish string cheese.",₺270,
koy-peyniri,Köy Peyniri,Village Cheese,Village Cheese,Kahvaltı sofrası için porsiyon peynir servisi.,Menüde köy peyniri adıyla sunulan kahvaltılık peynir porsiyonu.,A portion of cheese for the breakfast table.,A breakfast portion of the cheese listed as köy peyniri (village cheese).,₺260,
beyaz-peynir,Beyaz Peynir,White Cheese,White Cheese,Kahvaltı sofrası için porsiyon peynir servisi.,Beyaz peynirin kahvaltı sofrasına eklenebilen porsiyon servisi.,A portion of cheese for the breakfast table.,A separate breakfast portion of Turkish white cheese.,₺280,
peynir-tabagi,Peynir Tabağı,Cheese Plate,Cheese Plate,Kahvaltı sofrası için porsiyon peynir servisi.,Bir arada sunulan peynir seçkisi. Günün peynir çeşitleri için ekibimizden bilgi alabilirsiniz.,A portion of cheese for the breakfast table.,A selection of cheeses served together. Check with the team for the varieties available that day.,₺360,
sogus,Söğüş,Salad,Söğüş (Fresh Vegetable Plate),"Domates, salatalık ve mevsim yeşilliklerinden taze söğüş tabağı.","Domates, salatalık ve mevsim yeşilliklerinden oluşan söğüş tabağı.",A portion of olives for the breakfast table.,"A plate of fresh tomato, cucumber and seasonal greens.",₺260,
karisik-zeytin,Karışık Zeytin,Mixed Olives,Mixed Olives,Yeşil ve siyah zeytinlerden oluşan karışık porsiyon.,Yeşil ve siyah zeytinlerin birlikte sunulduğu kahvaltılık porsiyon.,A portion of olives for the breakfast table.,A breakfast portion combining green and black olives.,₺250,
siyah-zeytin-ezmesi,Siyah Zeytin Ezmesi,Black Olive Paste,Black Olive Paste,Kahvaltı sofrası için porsiyon zeytin servisi.,Kahvaltı sofrasına eklenebilen siyah zeytin ezmesi porsiyonu.,A portion of olives for the breakfast table.,A portion of black olive paste to accompany breakfast.,₺250,
cevizli-cemen,Cevizli Çemen,Çemen with Walnut,Çemen with Walnut,Van kahvaltı kültüründen gelen yöresel lezzet.,Cevizle sunulan çemen; kahvaltıya eşlik eden yöresel porsiyon.,A regional speciality from Van breakfast culture.,"Çemen with walnuts, served as a regional breakfast side.",₺240,
tereyagli-jaji,Tereyağlı Jaji,Jaji with Butter,Jaji with Butter,Van kahvaltı kültüründen gelen yöresel lezzet.,Jaji ve tereyağının birlikte sunulduğu yöresel kahvaltılık porsiyon.,A regional speciality from Van breakfast culture.,Jaji served with butter as a regional breakfast side.,₺260,
balli-cevizli-kavut,Ballı Cevizli Kavut,Kavut with Walnut and Honey,Kavut with Walnut and Honey,Van kahvaltı kültüründen gelen yöresel lezzet.,Kavrulmuş buğdaya dayanan yöresel kavut; bal ve cevizle sunulur.,A regional speciality from Van breakfast culture.,"Kavut, a Van speciality based on roasted wheat, served with honey and walnuts.",₺280,
tereyagli-cevizli-murtuga,Tereyağlı Cevizli Murtuğa,Murtuğa with Walnut and Butter,Murtuğa with Walnut and Butter,Van kahvaltı kültüründen gelen yöresel lezzet.,"Un, tereyağı ve yumurtayla hazırlanan yöresel murtuğa; cevizle sıcak servis edilir.",A regional speciality from Van breakfast culture.,"Murtuğa, a warm Van speciality made with flour, butter and egg, served with walnuts.",₺260,
kaymak,Kaymak,Clotted Cream,Kaymak (Clotted Cream),Kahvaltı sofrası için porsiyon servis.,Kahvaltıya eklenebilen kaymak porsiyonu. Kullanılan süt türü için ekibimizden bilgi alabilirsiniz.,A portion for the breakfast table.,A portion of kaymak (clotted cream). Ask the team about the milk used.,₺320,
bal-kaymak,Bal - Kaymak,Clotted Cream and Honey,Bal Kaymak (Honey & Clotted Cream),Kahvaltı sofrası için porsiyon servis.,Bal ve kaymağın birlikte sunulduğu kahvaltılık porsiyon.,A portion for the breakfast table.,"Honey and kaymak (clotted cream), served together as a breakfast side.",₺300,
bal-tereyagi,Bal - Tereyağı,Honey and Butter,Honey and Butter,Kahvaltı sofrası için porsiyon servis.,Bal ve tereyağının birlikte sunulduğu kahvaltılık porsiyon.,A portion for the breakfast table.,Honey and butter served together as a breakfast side.,₺320,
tahin-pekmez,Tahin - Pekmez,Tahini and Molasses,Tahini and Molasses,Kahvaltı sofrası için porsiyon servis.,Tahin ve pekmezin birlikte sunulduğu kahvaltılık porsiyon.,A portion for the breakfast table.,Tahini and molasses served together as a breakfast side.,₺280,
pekmez,Pekmez,Grape Molasses,Pekmez (Molasses),Kahvaltı sofrası için porsiyon servis.,Kahvaltı sofrasına eklenebilen pekmez porsiyonu.,A portion for the breakfast table.,A portion of pekmez (fruit molasses) for the breakfast table.,₺280,
pisi-tabagi,Pişi Tabağı,Fried Dough Plate,Pişi (Fried Dough) Plate,"Tulum peyniri, mevsim reçeli ve Nutella eşliğinde servis edilen sıcak pişi tabağı.","Tulum peyniri, mevsim reçeli ve Nutella eşliğinde servis edilen sıcak pişi tabağı.","Warm fried dough served with goat cheese, seasonal jam and Nutella.","Warm pişi (fried dough) served with tulum cheese, seasonal jam and Nutella.",₺350,
peynirli-gozleme,Peynirli Gözleme,Cheese Gözleme,Cheese Gözleme,Seçilen iç harçla hazırlanıp sıcak servis edilen gözleme.,"Peynir iç harcıyla hazırlanan, sıcak servis edilen gözleme.",Turkish flatbread prepared with the selected filling and served hot.,Hot Turkish flatbread filled with cheese.,₺310,
kasarli-gozleme,Kaşarlı Gözleme,Kashar Cheese Gözleme,Kashar Cheese Gözleme,Seçilen iç harçla hazırlanıp sıcak servis edilen gözleme.,"Kaşar peyniri iç harcıyla hazırlanan, sıcak servis edilen gözleme.",Turkish flatbread prepared with the selected filling and served hot.,Hot Turkish flatbread filled with kaşar cheese.,₺310,
patatesli-gozleme,Patatesli Gözleme,Potato Gözleme,Potato Gözleme,Seçilen iç harçla hazırlanıp sıcak servis edilen gözleme.,"Patates iç harcıyla hazırlanan, sıcak servis edilen gözleme.",Turkish flatbread prepared with the selected filling and served hot.,Hot Turkish flatbread filled with potato.,₺300,
ispanakli-gozleme,Ispanaklı Gözleme,Spinach Gözleme,Spinach Gözleme,Seçilen iç harçla hazırlanıp sıcak servis edilen gözleme.,"Ispanak iç harcıyla hazırlanan, sıcak servis edilen gözleme.",Turkish flatbread prepared with the selected filling and served hot.,Hot Turkish flatbread filled with spinach.,₺290,
mantarli-gozleme,Mantarlı Gözleme,Mushroom Gözleme,Mushroom Gözleme,Seçilen iç harçla hazırlanıp sıcak servis edilen gözleme.,"Mantar iç harcıyla hazırlanan, sıcak servis edilen gözleme.",Turkish flatbread prepared with the selected filling and served hot.,Hot Turkish flatbread filled with mushrooms.,₺310,
sucuklu-gozleme,Sucuklu Gözleme,Sucuk Gözleme,Sucuk Gözleme,Seçilen iç harçla hazırlanıp sıcak servis edilen gözleme.,"Sucuk iç harcıyla hazırlanan, sıcak servis edilen gözleme.",Turkish flatbread prepared with the selected filling and served hot.,Hot Turkish flatbread filled with sucuk (Turkish sausage).,₺370,
kavurmali-gozleme,Kavurmalı Gözleme,Roast Beef Gözleme,Kavurma Gözleme,Seçilen iç harçla hazırlanıp sıcak servis edilen gözleme.,"Kavurma iç harcıyla hazırlanan, sıcak servis edilen gözleme.",Turkish flatbread prepared with the selected filling and served hot.,Hot Turkish flatbread filled with kavurma (Turkish cooked meat).,₺390,
pastirmali-gozleme,Pastırmalı Gözleme,Pastrami Gözleme,Pastırma Gözleme,Seçilen iç harçla hazırlanıp sıcak servis edilen gözleme.,"Pastırma iç harcıyla hazırlanan, sıcak servis edilen gözleme.",Turkish flatbread prepared with the selected filling and served hot.,Hot Turkish flatbread filled with pastırma (Turkish cured meat).,₺390,
special-gozleme,Special Gözleme,Special Gözleme,Special Gözleme,Seçilen iç harçla hazırlanıp sıcak servis edilen gözleme.,Special gözleme seçeneği; günün iç harcını sipariş öncesinde ekibimizden öğrenebilirsiniz.,Turkish flatbread prepared with the selected filling and served hot.,The special gözleme option; check the filling with the team before ordering.,₺350,
sade-omlet,Sade Omlet,Plain Omelette,Plain Omelette,Seçilen malzemeyle hazırlanıp sıcak servis edilen omlet.,Ek peynir veya et seçeneği içermeyen sade omlet; sıcak servis edilir.,Omelette prepared with the selected ingredient and served hot.,"A plain omelette without an added cheese or meat option, served hot.",₺300,
peynirli-omlet,Peynirli Omlet,Cheese Omelette,Cheese Omelette,Seçilen malzemeyle hazırlanıp sıcak servis edilen omlet.,Peynir ile hazırlanan sıcak omlet.,Omelette prepared with the selected ingredient and served hot.,A hot omelette with cheese.,₺340,
mantarli-omlet,Mantarlı Omlet,Mushroom Omelette,Mushroom Omelette,Seçilen malzemeyle hazırlanıp sıcak servis edilen omlet.,Mantar ile hazırlanan sıcak omlet.,Omelette prepared with the selected ingredient and served hot.,A hot omelette with mushrooms.,₺360,
sosisli-omlet,Sosisli Omlet,Hot Dog Omelette,Sausage Omelette,Seçilen malzemeyle hazırlanıp sıcak servis edilen omlet.,Sosis ile hazırlanan sıcak omlet.,Omelette prepared with the selected ingredient and served hot.,A hot omelette with sausage.,₺350,
sucuklu-omlet,Sucuklu Omlet,Sucuk Omelette,Sucuk Omelette,Seçilen malzemeyle hazırlanıp sıcak servis edilen omlet.,Sucuk ile hazırlanan sıcak omlet.,Omelette prepared with the selected ingredient and served hot.,A hot omelette with sucuk (Turkish sausage).,₺370,
kavurmali-omlet,Kavurmalı Omlet,Roast Beef Omelette,Kavurma Omelette,Seçilen malzemeyle hazırlanıp sıcak servis edilen omlet.,Kavurma ile hazırlanan sıcak omlet.,Omelette prepared with the selected ingredient and served hot.,A hot omelette with kavurma (Turkish cooked meat).,₺390,
pastirmali-omlet,Pastırmalı Omlet,Pastrami Omelette,Pastırma Omelette,Seçilen malzemeyle hazırlanıp sıcak servis edilen omlet.,Pastırma ile hazırlanan sıcak omlet.,Omelette prepared with the selected ingredient and served hot.,A hot omelette with pastırma (Turkish cured meat).,₺390,
et-karisik-omlet,Et Karışık Omlet,Mixed Meat Omelette,Mixed Meat Omelette,Seçilen malzemeyle hazırlanıp sıcak servis edilen omlet.,"Et Karışık Omlet, sıcak servis edilen yumurtalı omlet seçeneği.",Omelette prepared with the selected ingredient and served hot.,"Mixed Meat Omelette, served hot.",₺390,
sebze-karisik-omlet,Sebze Karışık Omlet,Mixed Vegetable Omelette,Mixed Vegetable Omelette,Seçilen malzemeyle hazırlanıp sıcak servis edilen omlet.,"Sebze Karışık Omlet, sıcak servis edilen yumurtalı omlet seçeneği.",Omelette prepared with the selected ingredient and served hot.,"Mixed Vegetable Omelette, served hot.",₺360,
sade-menemen,Sade Menemen,Plain Menemen,Plain Menemen,Domates ve yumurta temeliyle hazırlanıp sıcak servis edilen menemen.,"Domates, biber ve yumurtayla hazırlanan sıcak menemen.","Turkish scrambled eggs with tomatoes, prepared with the selected ingredient and served hot.",Hot menemen: eggs cooked with tomato and pepper.,₺310,
mantarli-menemen,Mantarlı Menemen,Mushroom Menemen,Mushroom Menemen,Domates ve yumurta temeliyle hazırlanıp sıcak servis edilen menemen.,"Domates, biber ve yumurtalı menemenin mantar eklenen seçeneği.","Turkish scrambled eggs with tomatoes, prepared with the selected ingredient and served hot.","Menemen with tomato, pepper and eggs, plus mushrooms.",₺340,
peynirli-menemen,Peynirli Menemen,Cheese Menemen,Cheese Menemen,Domates ve yumurta temeliyle hazırlanıp sıcak servis edilen menemen.,"Domates, biber ve yumurtalı menemenin peynir eklenen seçeneği.","Turkish scrambled eggs with tomatoes, prepared with the selected ingredient and served hot.","Menemen with tomato, pepper and eggs, plus cheese.",₺340,
sucuklu-menemen,Sucuklu Menemen,Sucuk Menemen,Sucuk Menemen,Domates ve yumurta temeliyle hazırlanıp sıcak servis edilen menemen.,"Domates, biber ve yumurtalı menemenin sucuk eklenen seçeneği.","Turkish scrambled eggs with tomatoes, prepared with the selected ingredient and served hot.","Menemen with tomato, pepper and eggs, plus sucuk (Turkish sausage).",₺370,
kavurmali-menemen,Kavurmalı Menemen,Roast Beef Menemen,Kavurma Menemen,Domates ve yumurta temeliyle hazırlanıp sıcak servis edilen menemen.,"Domates, biber ve yumurtalı menemenin kavurma eklenen seçeneği.","Turkish scrambled eggs with tomatoes, prepared with the selected ingredient and served hot.","Menemen with tomato, pepper and eggs, plus kavurma (Turkish cooked meat).",₺390,
pastirmali-menemen,Pastırmalı Menemen,Pastrami Menemen,Pastırma Menemen,Domates ve yumurta temeliyle hazırlanıp sıcak servis edilen menemen.,"Domates, biber ve yumurtalı menemenin pastırma eklenen seçeneği.","Turkish scrambled eggs with tomatoes, prepared with the selected ingredient and served hot.","Menemen with tomato, pepper and eggs, plus pastırma (Turkish cured meat).",₺390,
sahanda-yumurta,Sahanda Yumurta,Fried Eggs,Fried Eggs,Seçilen malzemeyle sahanda hazırlanıp sıcak servis edilen yumurta.,Sahanda hazırlanan sade yumurta; sıcak servis edilir.,Eggs prepared in a pan with the selected ingredient and served hot.,"Plain pan-cooked eggs, served hot.",₺200,
patatesli-yumurta,Patatesli Yumurta,Eggs with Potato,Eggs with Potato,Seçilen malzemeyle sahanda hazırlanıp sıcak servis edilen yumurta.,Patates ile sahanda hazırlanan sıcak yumurta.,Eggs prepared in a pan with the selected ingredient and served hot.,Hot pan-cooked eggs with potato.,₺300,
ispanakli-yumurta,Ispanaklı Yumurta,Eggs with Spinach,Eggs with Spinach,Seçilen malzemeyle sahanda hazırlanıp sıcak servis edilen yumurta.,Ispanak ile sahanda hazırlanan sıcak yumurta.,Eggs prepared in a pan with the selected ingredient and served hot.,Hot pan-cooked eggs with spinach.,₺330,
peynirli-yumurta,Peynirli Yumurta,Eggs with Cheese,Eggs with Cheese,Seçilen malzemeyle sahanda hazırlanıp sıcak servis edilen yumurta.,Peynir ile sahanda hazırlanan sıcak yumurta.,Eggs prepared in a pan with the selected ingredient and served hot.,Hot pan-cooked eggs with cheese.,₺300,
sucuklu-yumurta,Sucuklu Yumurta,Eggs with Sucuk,Eggs with Sucuk,Seçilen malzemeyle sahanda hazırlanıp sıcak servis edilen yumurta.,Sucuk ile sahanda hazırlanan sıcak yumurta.,Eggs prepared in a pan with the selected ingredient and served hot.,Hot pan-cooked eggs with sucuk (Turkish sausage).,₺320,
mantarli-yumurta,Mantarlı Yumurta,Eggs with Mushroom,Eggs with Mushroom,Seçilen malzemeyle sahanda hazırlanıp sıcak servis edilen yumurta.,Mantar ile sahanda hazırlanan sıcak yumurta.,Eggs prepared in a pan with the selected ingredient and served hot.,Hot pan-cooked eggs with mushrooms.,₺330,
sosisli-yumurta,Sosisli Yumurta,Eggs with Hot Dog,Eggs with Sausage,Seçilen malzemeyle sahanda hazırlanıp sıcak servis edilen yumurta.,Sosis ile sahanda hazırlanan sıcak yumurta.,Eggs prepared in a pan with the selected ingredient and served hot.,Hot pan-cooked eggs with sausage.,₺300,
kavurmali-yumurta,Kavurmalı Yumurta,Eggs with Roast Beef,Eggs with Kavurma,Seçilen malzemeyle sahanda hazırlanıp sıcak servis edilen yumurta.,Kavurma ile sahanda hazırlanan sıcak yumurta.,Eggs prepared in a pan with the selected ingredient and served hot.,Hot pan-cooked eggs with kavurma (Turkish cooked meat).,₺350,
pastirmali-yumurta,Pastırmalı Yumurta,Eggs with Pastrami,Eggs with Pastırma,Seçilen malzemeyle sahanda hazırlanıp sıcak servis edilen yumurta.,Pastırma ile sahanda hazırlanan sıcak yumurta.,Eggs prepared in a pan with the selected ingredient and served hot.,Hot pan-cooked eggs with pastırma (Turkish cured meat).,₺350,
salcali-sahanda-sosis,Salçalı Sahanda Sosis,Hot Dog with Tomato Sauce,Sausage with Tomato Paste,Sahanda hazırlanıp sıcak servis edilen kahvaltılık.,"Salçayla sahanda hazırlanan, sıcak servis edilen sosis.",Prepared in a pan and served hot.,"Sausage cooked in a pan with tomato paste, served hot.",₺350,
sahanda-kavurma,Sahanda Kavurma,Roast Beef Pan,Kavurma Pan,Sahanda hazırlanıp sıcak servis edilen kahvaltılık.,Kavurmanın sahanda sıcak servis edilen porsiyonu.,Prepared in a pan and served hot.,"A hot pan portion of kavurma, a traditional Turkish cooked-meat preparation.",₺350,
sahanda-pastirma,Sahanda Pastırma,Pastrami Pan,Pastırma Pan,Sahanda hazırlanıp sıcak servis edilen kahvaltılık.,Pastırmanın sahanda sıcak servis edilen porsiyonu.,Prepared in a pan and served hot.,A hot pan portion of pastırma (Turkish cured meat).,₺350,
kuymak,Kuymak,Kuymak (Cornmeal and Cheese),Kuymak (Cornmeal and Cheese),Mısır unu ve peynirle hazırlanan sıcak kuymak.,Mısır unu ve peynirle hazırlanan sıcak kuymak.,Eggs prepared in a pan with the selected ingredient and served hot.,"Kuymak, a hot dish made with cornmeal and cheese.",₺320,
sahanda-sucuk,Sahanda Sucuk,Sucuk Pan,Sucuk Pan,Sahanda hazırlanıp sıcak servis edilen kahvaltılık.,Sucuğun sahanda sıcak servis edilen porsiyonu.,Prepared in a pan and served hot.,A hot pan portion of sucuk (Turkish sausage).,₺350,
turk-kahvesi,Türk Kahvesi,Turkish Coffee,Turkish Coffee,Sipariş üzerine hazırlanıp sıcak servis edilen kahve.,Geleneksel Türk kahvesi; sıcak servis edilir. Şeker tercihinizi sipariş verirken belirtebilirsiniz.,Coffee prepared to order and served hot.,"Traditional Turkish coffee, served hot. Specify your sugar preference when ordering.",₺160,
ice-chai-tea-latte,Ice Chai Tea Latte,Iced Chai Tea Latte,Iced Chai Tea Latte,Buzla hazırlanıp soğuk servis edilen kahve.,Buzlu servis edilen chai tea latte seçeneği.,Coffee prepared with ice and served cold.,Chai tea latte served over ice; a tea-based drink rather than coffee.,₺230,
chai-tea-latte,Chai Tea Latte,Chai Tea Latte,Chai Tea Latte,Sipariş üzerine hazırlanıp sıcak servis edilir.,Sıcak servis edilen chai tea latte seçeneği.,Prepared to order and served hot.,Chai tea latte served hot; a tea-based drink rather than coffee.,₺230,
