file,lines,bytes,sha256,imports,headings,language_markers,media_queries
src/app/(tr)/admin/layout.tsx,21,537,769d4558780d015a9bce25ac149c602b19f645a8cac6d940a26d87b60d202080,1,0,0,0
src/app/(tr)/admin/page.tsx,16,479,44b5e308ab98bc8a7f5284c8729467a62eef03b649b61cca2398b9f94e764715,2,0,0,0
src/app/(tr)/cerez-politikasi/page.tsx,59,2751,998cead58994ae137c5fe4a9d97a197ac84350974c704898d501c228d36d399e,4,6,0,0
src/app/(tr)/gizlilik/page.tsx,61,3221,558efa0694478be6d6a089910004939c4ccb5e8d584af19b7b68c3d833abc761,4,5,0,0
src/app/(tr)/hikayemiz/page.tsx,80,2293,5d6e0262a4ff7c63a9e904f8721da025c15208d2ec64a9decde06bf24db1cad7,5,0,0,0
src/app/(tr)/konum/page.tsx,267,11281,77422531cefb7aa817218c2dc2ff4ea189fb9cfa90c6898ab09e968ff482dae7,9,8,0,0
src/app/(tr)/layout.tsx,6,257,bb49e59d2cf5e793b3159cbf22bfeff7208cdfd1dd7b5dc5a729c39f64ebddc7,1,0,0,0
src/app/(tr)/menu/page.tsx,137,4168,91831199dae86cf33bd9d3b618109d497a05b8b1fed8a1f57604075de62a2b9e,8,0,0,0
src/app/(tr)/not-found.tsx,5,155,7b76e4d61d2c8ca0d34ffb31226872cfb532f50a29ea61b712456ddce1a80215,1,0,0,0
src/app/(tr)/page.tsx,48,965,6a7b86cb7ba4abd193e64e6c9042e91dfb8e8175d146e83957368208aabfbcb8,4,0,0,0
src/app/(tr)/rezervasyon/page.tsx,126,4082,d655031f2b888c0ee34d6781bc1298963134f5fc5aaa6cedf235644d887e24a7,11,0,1,0
src/app/(tr)/rezervasyon/takvim/[id]/page.tsx,192,8933,76d53cf63caaa7a0d1dd42fa0cb6decc76581af63185310fe48b83174e8dc0ec,10,1,0,0
src/app/(tr)/van-kahvaltisi/page.tsx,340,16116,b79b7f9ad36eb9b52cf98250ceb60353560b5dd364d0f30a59e921dfa61360f1,8,6,0,0
src/app/(tr)/van-kahvaltisi-nedir/page.tsx,483,22138,99ef5afe9493c8cee15a66dd56b84688ce80136c82fd08d0d5311d6fccfd9e90,9,10,0,0
src/app/admin/admin-container.tsx,36,1092,924fce58102ec76a8c1d35ee9f6973ad06b61b97d61250978eeff9939138bae9,6,0,0,0
src/app/admin/admin-dashboard.tsx,2256,101043,689b38e6ea4b86abe1caf35d88e7a1ea30b340c3852e07eba9648cabde0a2ed2,5,7,0,0
src/app/admin/admin-login.tsx,162,5085,0cd1eebe7acfbe8fd14d511f702caf224de0ec9862286d910cce4ec59385c0cc,3,1,0,0
src/app/admin/auth-helper.ts,32,1202,2bb6da7a6dba01c7437d96a1073764b613051b9487a13dbf967a70b7bf951d34,2,0,0,0
src/app/analytics.ts,146,5408,55f77bc1676f4ce0c45264144bc27200723af4faabf6d9d58cde23bec5ee7f22,1,0,0,0
src/app/api/admin/auth/route.ts,38,1106,dbdc2f0b4ec939875c06695304749d6306d1eedb6a21cf5f8cd928fcc4d95a6d,3,0,0,0
src/app/api/admin/logout/route.ts,16,438,54c171c8fe0c59cca9e5a7c74c1fb9e364369556abf1b5a09ef9f10e0387d7d7,2,0,0,0
src/app/api/admin/menu/route.ts,96,2983,f787f66ee428d7580c2a0cb7840ef3198b1341f6ed4286d0ad7ee050235f6a5b,5,0,0,0
src/app/api/admin/upload/route.ts,71,2481,11561733e7c0d44a609bfe5fe341ac4dff56c7503d0ebc981bcb0101981d55eb,5,0,0,0
src/app/api/reservations/[id]/ics/route.ts,39,1453,be02a2601a180f7b5be085b13c07f6cd972e99e9ded3d94ec3ad9f887782c25b,3,0,0,0
src/app/api/reservations/[id]/route.ts,77,2351,833e6e2b8726784f5bc6312895fee5bb34234e61cdedd3e36f8cc95c4490ba05,3,0,0,0
src/app/api/reservations/calendar.ics/route.ts,39,1365,f7dad57de83d462ffd75fe4af5433370b9679787729f48e54c10f029be618187,3,0,0,0
src/app/api/reservations/route.ts,172,6415,f5f3560026abeb35de1b562cfabef248b761f25d7cceeffca761bdb2bc0e3176,4,0,0,0
src/app/ar/blog/turkish-breakfast-istanbul/page.tsx,15,552,a21384f4328e247860904f6e9beef2408f8818392c9bc861f915e961683cb991,2,0,0,0
src/app/ar/layout.tsx,6,257,e996f9167fe4132ef4a00afec7dcf7657b2e4e7d63d282398f85ad729afc5cf5,1,0,0,0
src/app/ar/not-found.tsx,5,155,6577138d50656db3f8e12655b510be17f84f464a11a736b44dcfba281181cbe9,1,0,0,0
src/app/client-page.tsx,411,15118,e248608d5adef9f440a8847c81059cd7f29a5f5ecbbc7b8f9d9fbe5c98faef98,7,0,3,0
src/app/components/about-story.module.css,362,6092,28b135c57743bc9e25f50421e95e58cb8168b64803611973a8ad6ab50a3cf6b8,0,0,0,8
src/app/components/about-story.tsx,151,6235,dd100fd308009adc85e686171724d023677b1c2a77323d84428df5e309ecc2f7,6,1,0,0
src/app/components/animated-footer.module.css,254,4157,881e2333f524dbd3d5cec8a57be57671ee69ad6977acb19c347bc203a8a41f31,0,0,0,1
src/app/components/animated-footer.tsx,144,5829,0bf372a266599662f54f30120bb350239a84dae65079def4664578d5b10cb618,3,1,0,0
src/app/components/atmosphere-banner.module.css,74,1398,7e1b70ad88d602ea1acc455b8b7dc62a6dda90f0f695619d345f6988c847053d,0,0,0,2
src/app/components/atmosphere-banner.tsx,30,855,a78d43ce0f35bd91a5a82b7a055784bcd35f4acb47e1ae1806b8492e08d05b23,2,1,0,0
src/app/components/booking-open-button.tsx,67,1486,fb19f4e81870ffe34d4d6cc6e92f2fb0123e75a805fdc068553109ed2df07c33,3,0,0,0
src/app/components/editorial-page.module.css,459,8723,b3173c16d1d22ec2ec0e60a51f71dec41c57168127790d57219b6137cbd896f6,0,0,0,3
src/app/components/faq-section.module.css,218,3765,40609392b738c7fff899f1516e1221d858f5327cb4046956f041f5311c2ea9d3,0,0,0,2
src/app/components/faq-section.tsx,54,1755,a102963dff9063ab9fe54d07b66cdacf08a3384eadef6b829960f5745597c902,2,1,0,0
src/app/components/gallery-lightbox.tsx,388,11642,9d9e379f76d2c7f0171dd64a7b2641b3e009c12bf25ecdbf072396f44306c7ce,5,0,0,0
src/app/components/guest-reviews.module.css,31,3888,17beecd7933b133a02408da60b0db25c5c1d37c11fbbf48c66b5af29510632b5,0,0,0,2
src/app/components/guest-reviews.tsx,26,1712,b2750c84f10e7f43c2e3147198f99702443ce5bc5996cb21de7b7c74cc6d8ce6,3,1,0,0
src/app/components/home-journey.module.css,16,2743,04e9e3f4e102f4b3094833b5480e9510990d44386326080d726ecfebd3e1c586,0,0,0,2
src/app/components/international-breakfast-guide-data.ts,953,84272,a96e25d4010ea5bf74660385b5fdb4b1e0f98c64b67692d1dece970abb50ecec,1,0,0,0
src/app/components/international-breakfast-guide-seo.ts,216,7968,d27654dda0034a543b2e0ba92a66d4e3a2c592b67b40c1c9e6f35b299e9d79de,3,0,0,0
src/app/components/international-breakfast-guide.module.css,649,26101,3a558f89597b6a83821453aeb5ceb9ae4d2f44f85a4563ab3ffd54747dec8320,0,0,1,5
src/app/components/international-breakfast-guide.tsx,321,13360,c453ab303ce119c57e5e69dd2447d2ccf3d58e32af34ad787847468913ee526b,6,18,3,0
src/app/components/legal-page-shell.tsx,44,1461,5df511f5add46e0ed9ad29f01709d103362c8ad608f97dbe988828a862f6c0c2,3,2,0,0
src/app/components/legal-page.module.css,51,1876,777c89ac2a5b987e33f2b338d8996d84854fa8ebe13fd8328d73c5001bc6a4f7,0,0,0,1
src/app/components/localized-not-found.tsx,31,1610,18ec898d8a9018a550da2447cc62617a9df58888414479928c62a06d27279be6,2,1,0,0
src/app/components/ordering-guide.module.css,6,678,2fd9d839f988b61890462681f190befa8c822d218ccb63ee9cdf420d221f19fd,0,0,0,0
src/app/components/ordering-guide.tsx,14,841,fe9872cbda33a36e73c6781625d84ef25ae870c24e5f40328944c4991d68858c,2,1,0,0
src/app/components/signature-showcase.module.css,396,7661,a01f7268286df0ff8a6b010e5fdb2b58feee097fa74c1c1efcfa2c81612090d5,0,0,0,3
src/app/components/signature-showcase.tsx,257,10050,5e75d5adf690cceedecaeb9941695535084d15ad0eb27f1249e6fb5a576410fe,6,0,0,0
src/app/components/taksim-travel-guide-data.ts,151,17052,d634976cd9be906a94fd80869bb299d146c718ca0fe67402abe27cdfd722e8a7,3,0,0,0
src/app/components/taksim-travel-guide.module.css,5,2824,b2dce6b87fe61495f0712d948c05fb33f41811d3e92bbceaa0e9c08a1a1dfaad,0,0,0,1
src/app/components/taksim-travel-guide.tsx,142,7044,3d263c4cf1872abbf9412888660e7f71f34c0870a76ae485d0330d21e4e7ea30,6,7,1,0
src/app/components/van-hero-parallax.tsx,183,8196,c2de0e1330fce87fed4c5422ca6a208d6ab1996484f8990679bfdfbc9e9c356a,6,1,0,0
src/app/components/venue-atmosphere.module.css,171,2781,28c41390fbd9a61edf72581a6d244c0e4e90439fc431e17d808cd1293d62f49b,0,0,0,4
src/app/components/venue-atmosphere.tsx,85,3068,053b331447eff31ffb816db374f26836c372f0a1d5cc075e64e4b51cb6deadce,3,1,0,0
src/app/components/visit-information.module.css,30,1089,64079621a1d7636ecb0abde501b34dd450d7220147b4f4ef024ff8d8b8182024,0,0,0,1
src/app/components/visit-information.tsx,36,2537,755d0413a2809239e4e651c35f968c42950a3f38b687acd53dbee7bef328082b,4,1,0,0
src/app/components/web-vitals.tsx,35,809,99d799521e811910f6380bef7c6fd62b1dbb46582c274ab97afbfbbe33b0298a,1,0,0,0
src/app/components/western-breakfast-guide-data.ts,191,22464,d01266dcd1b1854b6a84e6ee8d243c222930355c3ec1bcf821cfdf6ffcfdb23f,3,0,0,0
src/app/content-sources.ts,27,1369,ccb80bfa2ed7c216067ea563817ed3700b446552b757edec91fb5c849b5d4924,0,0,0,0
src/app/desktop-refinement.css,477,13878,92cd3ef92f6d37f51889d79deb0d023def6c13619a67980434ee986030be85c4,0,0,0,5
src/app/en/blog/classic-turkish-breakfast/page.tsx,5,346,3cf741c23421267e570d8de8fb672dd7076646e150c6bc1b77c197b6f8a15709,2,0,0,0
src/app/en/blog/simit-turkish-bagel/page.tsx,5,340,bd7f65453977f87dc75244bc366c6186fc78b10b77030eb3f54ff7a93a996376,2,0,0,0
src/app/en/blog/turkish-breakfast-istanbul/page.tsx,15,553,f96d8dcae2975872348ca35f57fbc98a47e75743585477b689388bfe8b415d21,2,0,0,0
src/app/en/layout.tsx,6,257,51567a449720730a3cfca626510ab0178840a88155a81ad128be539bdc5383f7,1,0,0,0
src/app/en/menu/page.tsx,143,4631,1ac34063d71d0d8e30d876e907fd354d1bb5e626318644fe1f9e4c98c8aa1a6b,9,0,0,0
src/app/en/not-found.tsx,5,155,d699d6ec16c67523b7974546fcda365f4916446a07f16175f0b334f2a22344b3,1,0,0,0
src/app/en/page.tsx,98,2829,2ba595043a1c4e0405e35ff32f41a99c21fee78071ea2f99dc22a0e61eee320d,5,0,0,0
src/app/en/rezervasyon/page.tsx,126,4143,8c2f7c2a8a2bcc18607c82b302d020b44aa83e0e275be68a634c39c7cd9c49a3,11,0,1,0
src/app/en/rezervasyon/takvim/[id]/page.tsx,45,1170,7c39b85950efbb407ef9855402c98c21018f9dcafe00934a49b4a2791b36a540,4,0,0,0
src/app/es/blog/bal-kaymak-estambul/page.tsx,5,340,cf10580af509484623dd0ed8946bdabeaed1ea8a6173f716e53c544f3efb42e8,2,0,0,0
src/app/es/blog/desayuno-turco-clasico/page.tsx,5,346,b7c0e0e1f4bf42414e9ced6fb0c2da4b1c7f7c7c4869fcf39831d796e34689e6,2,0,0,0
src/app/es/layout.tsx,6,257,a1a39605a022e0eb3afec79f0769e608558828091b367bafcdfb61971c810492,1,0,0,0
src/app/es/not-found.tsx,5,155,c2059089de884fc350bcedabd2f0aa84dec1244ed7d7a20ac94a8233f178e176,1,0,0,0
src/app/es/page.tsx,28,3619,cbafc47c4f6af10197868cdbf5bc62f29708837bbf962f20dcd70bb6de85bea2,5,5,1,0
src/app/global-not-found.tsx,26,1073,1b825fc491a8e3ae9184a4e53ffef097b70a42e96b5def8cfe1331db888a28ed,4,0,2,0
src/app/globals.css,10133,249826,cf15334fc62a38898ce48834edc033e67460ce6da53c086e6f8fc838a28350b7,1,0,0,120
src/app/hero-navbar-refinement.css,678,17325,92d7d75e674293b247bf59f800431a0eb03ffdd64bcf0ba8d9e5f5c8c0a9bbe0,0,0,0,4
src/app/hikayemiz/story-experience.tsx,317,14193,3613c9c7e0fdcc056be298397be987c6469ee0443fbe0d9ca77f6b3629390372,7,6,0,0
src/app/hikayemiz/story-page.module.css,925,16839,4a0e8225088333c0cc19ecd0446a862c101ba28169fff31d415144a5909c8f07,0,0,0,4
src/app/home-content.tsx,43,1746,e3426f9331146dc25d0d3a3c271ed07f76a8121a7161c81c37a5d843848c9cb7,10,0,1,0
src/app/home-localization.ts,307,13640,3dc481b5d49b77c15ba483fccaf5245a5ed508679b0b08b81b68caee6334f8df,1,0,0,0
src/app/ja/blog/istanbul-bal-kaymak/page.tsx,15,549,fbb0f656d4198e39efaf60e6d9d78e3a4028a9e15a29f51d2360697256b790a8,2,0,0,0
src/app/ja/layout.tsx,12,487,6a21d3a29e5bd8b2b43aafa5d45149c2dbc1412a7f2372cebcda8757b73839ef,2,0,0,0
src/app/ja/not-found.tsx,5,155,82801b9b5db23bded4cf5b80bcf2c2d9dbf687437c81f065da189264d76b1841,1,0,0,0
src/app/ko/blog/istanbul-bal-kaymak/page.tsx,15,547,0e0ed342365470bd2d83ae6d07d31984ae232f7dae8a38bfd1a94891ffc1de4a,2,0,0,0
src/app/ko/blog/kaymak-nedir/page.tsx,17,633,5c2b013a009c7add9b576f4a4c3e74f60522724b25382d7243a9dd8b9209cee2,3,0,0,0
src/app/ko/blog/korean-guide-data.ts,430,35748,93ecace9bfda1cc988455f635f08433d492bc96b128546a8125bbcfe48e8afaf,2,0,0,0
src/app/ko/blog/korean-tour-guide-van-breakfast/page.tsx,62,14171,627f6a6651fe866dd4a927eaee41cf7b14a3615d1a7b86fb4e4a59023fff8072,5,11,1,0
src/app/ko/blog/korean-tour-guide-van-breakfast/tour-guide.module.css,1,3568,1f44e616853883a5653174948a01cc9b9a174d9eb5d646bbf9b1ebec81bf35a6,0,0,0,2
src/app/ko/blog/taksim-kahvalti-rehberi/page.tsx,6,337,986cec7dadb364b7a54285fd63fc2a5272eaa116484b9f282abf99024b1577b4,2,0,0,0
src/app/ko/blog/turkish-breakfast-istanbul/page.tsx,17,667,bc7b2d1de0d9dc509e069e88319ade93e410201ce7f436312550bdb197583012,3,0,0,0
src/app/ko/ko-home.module.css,143,10014,8dccdf91ee7f106a1bff39b520a1972091d32c1ce05eaecfe4e9efa24b532971,0,0,0,3
src/app/ko/layout.tsx,11,465,e839a3c25df8bc25398e65bab4563d88e4ccb80719951a69e8c494e83c178e6d,2,0,0,0
src/app/ko/not-found.tsx,5,155,a5e662df212aad1a551945575f03a4a2bc3729c6974d954f8f04ca933d376675,1,0,0,0
src/app/ko/page.tsx,204,13775,20cb508c0bbc432ac8f2a84b370f291f82ea80333b533822ab04013d3a6dac33,6,7,1,0
src/app/konum/interactive-location-map.tsx,70,2460,385c26a027b1335442925f0ba1384f29fc0dcf2520866bb141661bd3b9679658,5,0,0,0
src/app/konum/location-map.tsx,51,1749,7cccede85583fe1b160374e10ff4e9fbb2c602aef832c416aca4f7f71aa7ca5f,7,1,0,0
src/app/konum/location.module.css,1025,19119,c90809cdbad3c6e9fb64c100483cab2511ce607566017e53bd409ca986e61b6b,0,0,0,5
src/app/llms.txt/route.ts,97,4817,c73db939834ccb6a9f606735e2b93519e008d41fdec06778dc6597aad75ece43,1,0,0,0
src/app/manifest.ts,62,1822,5d1c2440f5defe3226d4b288889c73aef37b898827018cb8ca58eb344bc71ae3,2,0,0,0
src/app/menu/menu-data.json,4170,129115,bf099ef2f8e8d3e4dacfd501483628c86b0aeeb31d967ca692b6e423e790f407,0,0,0,0
src/app/menu/menu-data.ts,53,1180,57cf7a25970b1cf52fd3e8a90b50174ec8f1465f14f985a43c16eb23b5095e4e,1,0,0,0
src/app/menu/menu-editorial.json,669,26372,d47ae3e1a653b0f8f479ba43d8ed26d18db70bd22e4dd1b75484c238a59e6d91,0,0,0,0
src/app/menu/menu-experience.tsx,687,27952,201835c1f1c86b385905bc2a9fce22aa56035d4615ce321038a702d8f6aa97e3,11,5,1,0
src/app/menu/menu-localization.ts,48,1535,12652b16b94dd176754cb5733df5f3d7f27d8411653bac99de60a15687cb3930,1,0,0,0
src/app/menu/menu-rules.ts,8,437,f6cfad71a88487ed19fbf4f284bc496f2624cdb403bd5382ecdf3d7460db9d6f,1,0,0,0
src/app/menu/menu-storage.ts,191,5556,03a550ff6818d50a330d22d8fab9d586088bfc2775c443e88d043a6789a0db71,2,0,0,0
src/app/menu/menu.module.css,1090,20205,d8f9d290f749dc00a105998ad24a9867536e60cf44e6a39f7cb4e99e44b7e3b4,0,0,0,46
src/app/menu/ordering-questions.ts,57,5480,1f8011f83b2021ce9ecf75d4880d9c83d6289264bc3c73cf45e4ac10877a2508,2,0,0,0
src/app/menu/public-menu-data.ts,17,723,e42fee7c1ceb5c0aa6fbac54caefea902d44d97ac80af452305ef5c3bf0cc3dc,3,0,0,0
src/app/mobile-header-hero.css,687,19397,901942b854d841aecc531a7b116db7299971a6c0457db46440dabdf8fd634de4,0,0,0,7
src/app/reservations/ical-helper.ts,229,9222,a2f0065de59364b6ed2a2c44984fbaf8b2f2287adf3926e45bdd95ec35f1a246,2,0,0,0
src/app/reservations/reservation-storage.ts,218,7090,7b04a0b7bfd3040f6870c60ccd70ed78a3cfc53e741636edea9adfbe36a2004a,3,0,0,0
src/app/reservations/reservations-data.json,18,468,c7f1c971230a56932c9d7e1d14c59780d7cce28f8a880554bacdd194e8fc2e5a,0,0,0,0
src/app/rezervasyon/reservation-content.ts,35,1654,ff991502f4070b59cd1f9d3a053c91731dfac068a8cdf65348e99cf517089741,0,0,0,0
src/app/rezervasyon/reservation-view.tsx,804,30798,b27f7fd7de73e3c6d630ac2f519ce918b24262ea7e097fdf2335959c1e00db7c,10,7,0,0
src/app/rezervasyon/reservation.module.css,865,17902,229804b86961e7c8a08cd517294a1c69fe24e48d7f8dd57071cfba874835fafa,0,0,0,3
src/app/rezervasyon/takvim/[id]/calendar-actions.tsx,184,5607,93e78b344c964b13aa25489485c1bfc1003494a0f11b0fc8e26badd244d8839a,3,0,0,0
src/app/rezervasyon/takvim/[id]/calendar-page.module.css,387,7194,b0aed955121e08304df39d43376645cce96598224ffb473694e26ee520e454d0,0,0,0,1
src/app/robots.ts,28,944,a234a17f87e0697856c6d0546ccac3895aba9872156e3bbdcf387e5a94066fac,2,0,0,0
src/app/root-document.tsx,205,5860,f7011b8fddfc7d7f60060956dfff8e33ce3ae532f500a7613a2442c0d99552a3,11,0,2,0
src/app/ru/blog/turetskiy-zavtrak-stambul/page.tsx,15,553,34b880ecdf2934fb2872c545a4db72e874abee54bcaa762eab96c27d2d9fa3e9,2,0,0,0
src/app/ru/layout.tsx,6,257,706754b8fc91460538cf127761387190a3cd89b9ebaef7196a8f389e2ce3c25b,1,0,0,0
src/app/ru/not-found.tsx,5,155,c74a04f92151b3ff66fc83e4dfd6f7bb860a32d5b714f7774a3e6a4977d1b251,1,0,0,0
src/app/seo.ts,420,16933,6a88f43d9acd74cf51602df491411fa85f6f3a2fd77003cfc73b67b44bf9c5cb,0,0,0,0
src/app/site-languages.ts,12,681,dc7f18e4342a52b862473d31b862d152704af19c00bbd1117c13adf8fd2e8ac0,0,0,0,0
src/app/sitemap.ts,439,13064,791529ad419c7e06f9bbe99f5b4853b90dac8684b87b3a1aba458a03a5d9f6d5,4,0,0,0
src/app/van-kahvaltisi/van-breakfast.module.css,843,16200,0ee1842598caeeba3476a1e7175ac625a49da3a4099a51c29e56fd9ba86a48b4,0,0,0,3
src/app/van-kahvaltisi-nedir/culture-guide.module.css,1050,20458,7934b3afbab5edb242ecdad94e96bc7d12b931bdc8167de0790b7c1fb6459a62,0,0,0,3
src/app/zh-cn/blog/istanbul-bal-kaymak/page.tsx,6,337,563af17468ed50b004fb8a6941c7fbb84b20280542b1cb4e49e5d5e196be85b5,2,0,0,0
src/app/zh-cn/blog/taksim-turkish-breakfast/page.tsx,6,349,50cd63344fa7946bcc64de421292ea9dc5351441411d5bdefad7f5f55e3579e1,2,0,0,0
src/app/zh-cn/layout.tsx,6,260,7c9956b84122367fedf898858a9d9c601d641e860312d488cc138735fca81125,1,0,0,0
src/app/zh-cn/not-found.tsx,5,158,0ff3880872a486677a339a32894f2464c474c2b1011dc26e5adfb20a2d75344c,1,0,0,0
src/app/zh-cn/page.tsx,29,3558,0ad46477816e1d058fa5954b8abd74a954d3dd4a8ef34701b87fb22fd039abee,6,5,1,0
src/components/ui/mapcn-marker-popup.tsx,258,6544,5be0d64575c962bebf181b605bc97f5bdedfd85939a1d3953dcd65f98461e1cb,5,0,0,0
src/proxy.ts,49,2200,0c872e8843e4c368e254f4c0d7b5941496585dad81add9cc38d7695b9090af7a,4,0,0,0
scripts/generate-menu-data.mjs,511,27187,edcc1550222087a0fd0ee4595d6333da817fc2c63db6ee3c502dbef347316489,2,0,0,0
scripts/submit-indexnow.mjs,81,2858,6b751c26d5805cd3a2dd6a6fd8c2558415cce7f71883d1876833a8c3f50d338f,4,0,0,0
scripts/test-menu.mjs,144,8882,91215de8f72cf6c89e7d47e3d95d49799813f4667e089d96c45a85d1de54e122,7,0,0,0
scripts/test-reservations.mjs,169,6090,9dca9ebb5833bf2f60de0817321090acbe02ece2353fdf8b6291d6c79689110b,4,0,0,0
scripts/validate-seo.mjs,1085,54500,f57b3d1795f769f77675513bc0a3b64049b107647b940fcdb7b8943147ac70df,7,3,2,0
